route_id,avg_weekly_co2_emissions
12,1814.2611570215217
16,2428.618395916546
17,3098.080379617941
21,5582.9439250646865
38,14784.419205447164
